Date,Country,Exchange rate
1971-01-01,United Kingdom,0.4157
1971-02-01,United Kingdom,0.4136
1971-03-01,United Kingdom,0.4134
1971-04-01,United Kingdom,0.4136
1971-05-01,United Kingdom,0.4134
1971-06-01,United Kingdom,0.4134
1971-07-01,United Kingdom,0.4135
1971-08-01,United Kingdom,0.4107
1971-09-01,United Kingdom,0.405
1971-10-01,United Kingdom,0.4017
1971-11-01,United Kingdom,0.4011
1971-12-01,United Kingdom,0.3958
1972-01-01,United Kingdom,0.389
1972-02-01,United Kingdom,0.3841
1972-03-01,United Kingdom,0.382
1972-04-01,United Kingdom,0.3831
1972-05-01,United Kingdom,0.3828
1972-06-01,United Kingdom,0.3892
1972-07-01,United Kingdom,0.409
1972-08-01,United Kingdom,0.4081
1972-09-01,United Kingdom,0.4097
1972-10-01,United Kingdom,0.4176
1972-11-01,United Kingdom,0.4253
1972-12-01,United Kingdom,0.4265
1973-01-01,United Kingdom,0.4244
1973-02-01,United Kingdom,0.412
1973-03-01,United Kingdom,0.4045
1973-04-01,United Kingdom,0.4026
1973-05-01,United Kingdom,0.3952
1973-06-01,United Kingdom,0.3882
1973-07-01,United Kingdom,0.3941
1973-08-01,United Kingdom,0.4039
1973-09-01,United Kingdom,0.4135
1973-10-01,United Kingdom,0.4117
1973-11-01,United Kingdom,0.4189
1973-12-01,United Kingdom,0.4315
1974-01-01,United Kingdom,0.4496
1974-02-01,United Kingdom,0.4396
1974-03-01,United Kingdom,0.4272
1974-04-01,United Kingdom,0.4187
1974-05-01,United Kingdom,0.4143
1974-06-01,United Kingdom,0.4184
1974-07-01,United Kingdom,0.4185
1974-08-01,United Kingdom,0.4263
1974-09-01,United Kingdom,0.4317
1974-10-01,United Kingdom,0.4286
1974-11-01,United Kingdom,0.4301
1974-12-01,United Kingdom,0.4293
1975-01-01,United Kingdom,0.4233
1975-02-01,United Kingdom,0.4174
1975-03-01,United Kingdom,0.4136
1975-04-01,United Kingdom,0.4218
1975-05-01,United Kingdom,0.4309
1975-06-01,United Kingdom,0.4385
1975-07-01,United Kingdom,0.4578
1975-08-01,United Kingdom,0.473
1975-09-01,United Kingdom,0.48
1975-10-01,United Kingdom,0.4862
1975-11-01,United Kingdom,0.4882
1975-12-01,United Kingdom,0.4945
1976-01-01,United Kingdom,0.493
1976-02-01,United Kingdom,0.4935
1976-03-01,United Kingdom,0.5147
1976-04-01,United Kingdom,0.5416
1976-05-01,United Kingdom,0.5531
1976-06-01,United Kingdom,0.5669
1976-07-01,United Kingdom,0.5602
1976-08-01,United Kingdom,0.5609
1976-09-01,United Kingdom,0.579
1976-10-01,United Kingdom,0.6106
1976-11-01,United Kingdom,0.6105
1976-12-01,United Kingdom,0.5958
1977-01-01,United Kingdom,0.584
1977-02-01,United Kingdom,0.5847
1977-03-01,United Kingdom,0.5823
1977-04-01,United Kingdom,0.5817
1977-05-01,United Kingdom,0.5819
1977-06-01,United Kingdom,0.5817
1977-07-01,United Kingdom,0.5805
1977-08-01,United Kingdom,0.5748
1977-09-01,United Kingdom,0.5737
1977-10-01,United Kingdom,0.5646
1977-11-01,United Kingdom,0.5501
1977-12-01,United Kingdom,0.5392
1978-01-01,United Kingdom,0.5167
1978-02-01,United Kingdom,0.5156
1978-03-01,United Kingdom,0.5248
1978-04-01,United Kingdom,0.5406
1978-05-01,United Kingdom,0.55
1978-06-01,United Kingdom,0.5443
1978-07-01,United Kingdom,0.5277
1978-08-01,United Kingdom,0.5153
1978-09-01,United Kingdom,0.5103
1978-10-01,United Kingdom,0.4981
1978-11-01,United Kingdom,0.51
1978-12-01,United Kingdom,0.5035
1979-01-01,United Kingdom,0.4987
1979-02-01,United Kingdom,0.499
1979-03-01,United Kingdom,0.4907
1979-04-01,United Kingdom,0.4823
1979-05-01,United Kingdom,0.4857
1979-06-01,United Kingdom,0.4735
1979-07-01,United Kingdom,0.4425
1979-08-01,United Kingdom,0.4471
1979-09-01,United Kingdom,0.4552
1979-10-01,United Kingdom,0.4665
1979-11-01,United Kingdom,0.4683
1979-12-01,United Kingdom,0.4544
1980-01-01,United Kingdom,0.4417
1980-02-01,United Kingdom,0.4369
1980-03-01,United Kingdom,0.4536
1980-04-01,United Kingdom,0.4526
1980-05-01,United Kingdom,0.4344
1980-06-01,United Kingdom,0.4281
1980-07-01,United Kingdom,0.4214
1980-08-01,United Kingdom,0.4219
1980-09-01,United Kingdom,0.4165
1980-10-01,United Kingdom,0.4138
1980-11-01,United Kingdom,0.4177
1980-12-01,United Kingdom,0.4263
1981-01-01,United Kingdom,0.4162
1981-02-01,United Kingdom,0.4359
1981-03-01,United Kingdom,0.448
1981-04-01,United Kingdom,0.4597
1981-05-01,United Kingdom,0.4788
1981-06-01,United Kingdom,0.5066
1981-07-01,United Kingdom,0.5337
1981-08-01,United Kingdom,0.5494
1981-09-01,United Kingdom,0.5511
1981-10-01,United Kingdom,0.5433
1981-11-01,United Kingdom,0.5256
1981-12-01,United Kingdom,0.5254
1982-01-01,United Kingdom,0.5302
1982-02-01,United Kingdom,0.5414
1982-03-01,United Kingdom,0.5539
1982-04-01,United Kingdom,0.5643
1982-05-01,United Kingdom,0.5524
1982-06-01,United Kingdom,0.5694
1982-07-01,United Kingdom,0.5762
1982-08-01,United Kingdom,0.5797
1982-09-01,United Kingdom,0.5841
1982-10-01,United Kingdom,0.5896
1982-11-01,United Kingdom,0.6127
1982-12-01,United Kingdom,0.6188
1983-01-01,United Kingdom,0.6347
1983-02-01,United Kingdom,0.6524
1983-03-01,United Kingdom,0.6711
1983-04-01,United Kingdom,0.651
1983-05-01,United Kingdom,0.6361
1983-06-01,United Kingdom,0.646
1983-07-01,United Kingdom,0.6548
1983-08-01,United Kingdom,0.6655
1983-09-01,United Kingdom,0.6673
1983-10-01,United Kingdom,0.668
1983-11-01,United Kingdom,0.6772
1983-12-01,United Kingdom,0.6974
1984-01-01,United Kingdom,0.7104
1984-02-01,United Kingdom,0.6936
1984-03-01,United Kingdom,0.687
1984-04-01,United Kingdom,0.7037
1984-05-01,United Kingdom,0.7197
1984-06-01,United Kingdom,0.7262
1984-07-01,United Kingdom,0.7576
1984-08-01,United Kingdom,0.7615
1984-09-01,United Kingdom,0.796
1984-10-01,United Kingdom,0.8199
1984-11-01,United Kingdom,0.807
1984-12-01,United Kingdom,0.8431
1985-01-01,United Kingdom,0.8872
1985-02-01,United Kingdom,0.9148
1985-03-01,United Kingdom,0.8887
1985-04-01,United Kingdom,0.808
1985-05-01,United Kingdom,0.8011
1985-06-01,United Kingdom,0.7808
1985-07-01,United Kingdom,0.7243
1985-08-01,United Kingdom,0.7225
1985-09-01,United Kingdom,0.733
1985-10-01,United Kingdom,0.7035
1985-11-01,United Kingdom,0.6946
1985-12-01,United Kingdom,0.6922
1986-01-01,United Kingdom,0.702
1986-02-01,United Kingdom,0.6994
1986-03-01,United Kingdom,0.6815
1986-04-01,United Kingdom,0.6673
1986-05-01,United Kingdom,0.6574
1986-06-01,United Kingdom,0.6629
1986-07-01,United Kingdom,0.6635
1986-08-01,United Kingdom,0.6729
1986-09-01,United Kingdom,0.6804
1986-10-01,United Kingdom,0.7011
1986-11-01,United Kingdom,0.7023
1986-12-01,United Kingdom,0.6948
1987-01-01,United Kingdom,0.6643
1987-02-01,United Kingdom,0.6545
1987-03-01,United Kingdom,0.628
1987-04-01,United Kingdom,0.613
1987-05-01,United Kingdom,0.6
1987-06-01,United Kingdom,0.6139
1987-07-01,United Kingdom,0.6215
1987-08-01,United Kingdom,0.6252
1987-09-01,United Kingdom,0.6081
1987-10-01,United Kingdom,0.6017
1987-11-01,United Kingdom,0.5633
1987-12-01,United Kingdom,0.5468
1988-01-01,United Kingdom,0.5553
1988-02-01,United Kingdom,0.5688
1988-03-01,United Kingdom,0.5456
1988-04-01,United Kingdom,0.5324
1988-05-01,United Kingdom,0.5349
1988-06-01,United Kingdom,0.5628
1988-07-01,United Kingdom,0.5865
1988-08-01,United Kingdom,0.5894
1988-09-01,United Kingdom,0.5938
1988-10-01,United Kingdom,0.5751
1988-11-01,United Kingdom,0.5529
1988-12-01,United Kingdom,0.5477
1989-01-01,United Kingdom,0.5638
1989-02-01,United Kingdom,0.5703
1989-03-01,United Kingdom,0.5836
1989-04-01,United Kingdom,0.588
1989-05-01,United Kingdom,0.6132
1989-06-01,United Kingdom,0.6439
1989-07-01,United Kingdom,0.6147
1989-08-01,United Kingdom,0.6271
1989-09-01,United Kingdom,0.6363
1989-10-01,United Kingdom,0.63
1989-11-01,United Kingdom,0.6359
1989-12-01,United Kingdom,0.6264
1990-01-01,United Kingdom,0.6056
1990-02-01,United Kingdom,0.5896
1990-03-01,United Kingdom,0.6156
1990-04-01,United Kingdom,0.6108
1990-05-01,United Kingdom,0.5962
1990-06-01,United Kingdom,0.5847
1990-07-01,United Kingdom,0.5525
1990-08-01,United Kingdom,0.526
1990-09-01,United Kingdom,0.5321
1990-10-01,United Kingdom,0.514
1990-11-01,United Kingdom,0.5091
1990-12-01,United Kingdom,0.5203
1991-01-01,United Kingdom,0.5169
1991-02-01,United Kingdom,0.5091
1991-03-01,United Kingdom,0.549
1991-04-01,United Kingdom,0.5715
1991-05-01,United Kingdom,0.5801
1991-06-01,United Kingdom,0.6062
1991-07-01,United Kingdom,0.6056
1991-08-01,United Kingdom,0.5938
1991-09-01,United Kingdom,0.5792
1991-10-01,United Kingdom,0.5803
1991-11-01,United Kingdom,0.5619
1991-12-01,United Kingdom,0.5473
1992-01-01,United Kingdom,0.5528
1992-02-01,United Kingdom,0.5625
1992-03-01,United Kingdom,0.5801
1992-04-01,United Kingdom,0.5693
1992-05-01,United Kingdom,0.5526
1992-06-01,United Kingdom,0.5391
1992-07-01,United Kingdom,0.5215
1992-08-01,United Kingdom,0.5146
1992-09-01,United Kingdom,0.5416
1992-10-01,United Kingdom,0.605
1992-11-01,United Kingdom,0.655
1992-12-01,United Kingdom,0.6447
1993-01-01,United Kingdom,0.6525
1993-02-01,United Kingdom,0.6947
1993-03-01,United Kingdom,0.6841
1993-04-01,United Kingdom,0.6474
1993-05-01,United Kingdom,0.6461
1993-06-01,United Kingdom,0.663
1993-07-01,United Kingdom,0.6687
1993-08-01,United Kingdom,0.6705
1993-09-01,United Kingdom,0.6558
1993-10-01,United Kingdom,0.6656
1993-11-01,United Kingdom,0.6753
1993-12-01,United Kingdom,0.6706
1994-01-01,United Kingdom,0.6701
1994-02-01,United Kingdom,0.676
1994-03-01,United Kingdom,0.6703
1994-04-01,United Kingdom,0.6746
1994-05-01,United Kingdom,0.6648
1994-06-01,United Kingdom,0.6552
1994-07-01,United Kingdom,0.6465
1994-08-01,United Kingdom,0.6484
1994-09-01,United Kingdom,0.6385
1994-10-01,United Kingdom,0.6225
1994-11-01,United Kingdom,0.6292
1994-12-01,United Kingdom,0.6416
1995-01-01,United Kingdom,0.6351
1995-02-01,United Kingdom,0.6361
1995-03-01,United Kingdom,0.6249
1995-04-01,United Kingdom,0.6222
1995-05-01,United Kingdom,0.63
1995-06-01,United Kingdom,0.627
1995-07-01,United Kingdom,0.6269
1995-08-01,United Kingdom,0.6382
1995-09-01,United Kingdom,0.6414
1995-10-01,United Kingdom,0.6338
1995-11-01,United Kingdom,0.64
1995-12-01,United Kingdom,0.6491
1996-01-01,United Kingdom,0.6541
1996-02-01,United Kingdom,0.651
1996-03-01,United Kingdom,0.6548
1996-04-01,United Kingdom,0.6596
1996-05-01,United Kingdom,0.66
1996-06-01,United Kingdom,0.6487
1996-07-01,United Kingdom,0.6439
1996-08-01,United Kingdom,0.6452
1996-09-01,United Kingdom,0.6413
1996-10-01,United Kingdom,0.6304
1996-11-01,United Kingdom,0.6016
1996-12-01,United Kingdom,0.601
1997-01-01,United Kingdom,0.603
1997-02-01,United Kingdom,0.6152
1997-03-01,United Kingdom,0.6213
1997-04-01,United Kingdom,0.6138
1997-05-01,United Kingdom,0.6127
1997-06-01,United Kingdom,0.6079
1997-07-01,United Kingdom,0.599
1997-08-01,United Kingdom,0.6236
1997-09-01,United Kingdom,0.6245
1997-10-01,United Kingdom,0.6124
1997-11-01,United Kingdom,0.5921
1997-12-01,United Kingdom,0.6025
1998-01-01,United Kingdom,0.6116
1998-02-01,United Kingdom,0.6095
1998-03-01,United Kingdom,0.6017
1998-04-01,United Kingdom,0.598
1998-05-01,United Kingdom,0.6104
1998-06-01,United Kingdom,0.6059
1998-07-01,United Kingdom,0.6084
1998-08-01,United Kingdom,0.6119
1998-09-01,United Kingdom,0.5944
1998-10-01,United Kingdom,0.5902
1998-11-01,United Kingdom,0.602
1998-12-01,United Kingdom,0.5985
1999-01-01,United Kingdom,0.6061
1999-02-01,United Kingdom,0.6144
1999-03-01,United Kingdom,0.6168
1999-04-01,United Kingdom,0.6215
1999-05-01,United Kingdom,0.619
1999-06-01,United Kingdom,0.627
1999-07-01,United Kingdom,0.6349
1999-08-01,United Kingdom,0.6227
1999-09-01,United Kingdom,0.6155
1999-10-01,United Kingdom,0.6034
1999-11-01,United Kingdom,0.6171
1999-12-01,United Kingdom,0.6199
2000-01-01,United Kingdom,0.6096
2000-02-01,United Kingdom,0.625
2000-03-01,United Kingdom,0.633
2000-04-01,United Kingdom,0.632
2000-05-01,United Kingdom,0.6627
2000-06-01,United Kingdom,0.6626
2000-07-01,United Kingdom,0.6633
2000-08-01,United Kingdom,0.6716
2000-09-01,United Kingdom,0.6975
2000-10-01,United Kingdom,0.6894
2000-11-01,United Kingdom,0.7014
2000-12-01,United Kingdom,0.6836
2001-01-01,United Kingdom,0.6768
2001-02-01,United Kingdom,0.6885
2001-03-01,United Kingdom,0.6923
2001-04-01,United Kingdom,0.697
2001-05-01,United Kingdom,0.701
2001-06-01,United Kingdom,0.7133
2001-07-01,United Kingdom,0.7068
2001-08-01,United Kingdom,0.6958
2001-09-01,United Kingdom,0.6832
2001-10-01,United Kingdom,0.6896
2001-11-01,United Kingdom,0.6966
2001-12-01,United Kingdom,0.6938
2002-01-01,United Kingdom,0.6982
2002-02-01,United Kingdom,0.7029
2002-03-01,United Kingdom,0.7027
2002-04-01,United Kingdom,0.693
2002-05-01,United Kingdom,0.685
2002-06-01,United Kingdom,0.674
2002-07-01,United Kingdom,0.6425
2002-08-01,United Kingdom,0.6507
2002-09-01,United Kingdom,0.6425
2002-10-01,United Kingdom,0.6421
2002-11-01,United Kingdom,0.6365
2002-12-01,United Kingdom,0.6304
2003-01-01,United Kingdom,0.6182
2003-02-01,United Kingdom,0.6219
2003-03-01,United Kingdom,0.6319
2003-04-01,United Kingdom,0.6354
2003-05-01,United Kingdom,0.6164
2003-06-01,United Kingdom,0.6021
2003-07-01,United Kingdom,0.6165
2003-08-01,United Kingdom,0.6274
2003-09-01,United Kingdom,0.619
2003-10-01,United Kingdom,0.5955
2003-11-01,United Kingdom,0.5918
2003-12-01,United Kingdom,0.5709
2004-01-01,United Kingdom,0.5478
2004-02-01,United Kingdom,0.5355
2004-03-01,United Kingdom,0.5476
2004-04-01,United Kingdom,0.5546
2004-05-01,United Kingdom,0.5599
2004-06-01,United Kingdom,0.5471
2004-07-01,United Kingdom,0.5424
2004-08-01,United Kingdom,0.5494
2004-09-01,United Kingdom,0.5575
2004-10-01,United Kingdom,0.5532
2004-11-01,United Kingdom,0.5374
2004-12-01,United Kingdom,0.5185
2005-01-01,United Kingdom,0.532
2005-02-01,United Kingdom,0.5299
2005-03-01,United Kingdom,0.5251
2005-04-01,United Kingdom,0.5274
2005-05-01,United Kingdom,0.5388
2005-06-01,United Kingdom,0.5501
2005-07-01,United Kingdom,0.5712
2005-08-01,United Kingdom,0.5573
2005-09-01,United Kingdom,0.5536
2005-10-01,United Kingdom,0.5665
2005-11-01,United Kingdom,0.5764
2005-12-01,United Kingdom,0.5728
2006-01-01,United Kingdom,0.5654
2006-02-01,United Kingdom,0.5721
2006-03-01,United Kingdom,0.5733
2006-04-01,United Kingdom,0.5656
2006-05-01,United Kingdom,0.5351
2006-06-01,United Kingdom,0.5424
2006-07-01,United Kingdom,0.5422
2006-08-01,United Kingdom,0.528
2006-09-01,United Kingdom,0.5308
2006-10-01,United Kingdom,0.5329
2006-11-01,United Kingdom,0.5229
2006-12-01,United Kingdom,0.5095
2007-01-01,United Kingdom,0.5105
2007-02-01,United Kingdom,0.5105
2007-03-01,United Kingdom,0.5135
2007-04-01,United Kingdom,0.503
2007-05-01,United Kingdom,0.504
2007-06-01,United Kingdom,0.5033
2007-07-01,United Kingdom,0.4913
2007-08-01,United Kingdom,0.4973
2007-09-01,United Kingdom,0.4954
2007-10-01,United Kingdom,0.489
2007-11-01,United Kingdom,0.4831
2007-12-01,United Kingdom,0.496
2008-01-01,United Kingdom,0.5076
2008-02-01,United Kingdom,0.509
2008-03-01,United Kingdom,0.4996
2008-04-01,United Kingdom,0.5046
2008-05-01,United Kingdom,0.5089
2008-06-01,United Kingdom,0.5085
2008-07-01,United Kingdom,0.5028
2008-08-01,United Kingdom,0.5301
2008-09-01,United Kingdom,0.5564
2008-10-01,United Kingdom,0.593
2008-11-01,United Kingdom,0.6524
2008-12-01,United Kingdom,0.6732
2009-01-01,United Kingdom,0.6915
2009-02-01,United Kingdom,0.6934
2009-03-01,United Kingdom,0.7057
2009-04-01,United Kingdom,0.6797
2009-05-01,United Kingdom,0.6486
2009-06-01,United Kingdom,0.6109
2009-07-01,United Kingdom,0.6106
2009-08-01,United Kingdom,0.6049
2009-09-01,United Kingdom,0.6126
2009-10-01,United Kingdom,0.6168
2009-11-01,United Kingdom,0.6024
2009-12-01,United Kingdom,0.6163
2010-01-01,United Kingdom,0.6189
2010-02-01,United Kingdom,0.6403
2010-03-01,United Kingdom,0.6641
2010-04-01,United Kingdom,0.6522
2010-05-01,United Kingdom,0.6817
2010-06-01,United Kingdom,0.6771
2010-07-01,United Kingdom,0.6534
2010-08-01,United Kingdom,0.6385
2010-09-01,United Kingdom,0.6414
2010-10-01,United Kingdom,0.6302
2010-11-01,United Kingdom,0.6265
2010-12-01,United Kingdom,0.6412
2011-01-01,United Kingdom,0.6336
2011-02-01,United Kingdom,0.6202
2011-03-01,United Kingdom,0.6189
2011-04-01,United Kingdom,0.6105
2011-05-01,United Kingdom,0.6123
2011-06-01,United Kingdom,0.6166
2011-07-01,United Kingdom,0.6189
2011-08-01,United Kingdom,0.6114
2011-09-01,United Kingdom,0.6341
2011-10-01,United Kingdom,0.6342
2011-11-01,United Kingdom,0.6327
2011-12-01,United Kingdom,0.6416
2012-01-01,United Kingdom,0.6442
2012-02-01,United Kingdom,0.6328
2012-03-01,United Kingdom,0.632
2012-04-01,United Kingdom,0.625
2012-05-01,United Kingdom,0.628
2012-06-01,United Kingdom,0.6428
2012-07-01,United Kingdom,0.6413
2012-08-01,United Kingdom,0.6361
2012-09-01,United Kingdom,0.6201
2012-10-01,United Kingdom,0.6219
2012-11-01,United Kingdom,0.6263
2012-12-01,United Kingdom,0.6194
2013-01-01,United Kingdom,0.6264
2013-02-01,United Kingdom,0.6462
2013-03-01,United Kingdom,0.6631
2013-04-01,United Kingdom,0.6531
2013-05-01,United Kingdom,0.6537
2013-06-01,United Kingdom,0.6455
2013-07-01,United Kingdom,0.6588
2013-08-01,United Kingdom,0.645
2013-09-01,United Kingdom,0.6295
2013-10-01,United Kingdom,0.6212
2013-11-01,United Kingdom,0.6211
2013-12-01,United Kingdom,0.6104
2014-01-01,United Kingdom,0.6072
2014-02-01,United Kingdom,0.6039
2014-03-01,United Kingdom,0.6015
2014-04-01,United Kingdom,0.5971
2014-05-01,United Kingdom,0.5938
2014-06-01,United Kingdom,0.5914
2014-07-01,United Kingdom,0.586
2014-08-01,United Kingdom,0.5988
2014-09-01,United Kingdom,0.6139
2014-10-01,United Kingdom,0.6221
2014-11-01,United Kingdom,0.6341
2014-12-01,United Kingdom,0.6392
2015-01-01,United Kingdom,0.6604
2015-02-01,United Kingdom,0.6524
2015-03-01,United Kingdom,0.6685
2015-04-01,United Kingdom,0.6681
2015-05-01,United Kingdom,0.647
2015-06-01,United Kingdom,0.642
2015-07-01,United Kingdom,0.6427
2015-08-01,United Kingdom,0.6419
2015-09-01,United Kingdom,0.652
2015-10-01,United Kingdom,0.6518
2015-11-01,United Kingdom,0.6582
2015-12-01,United Kingdom,0.6675
2016-01-01,United Kingdom,0.6948
2016-02-01,United Kingdom,0.6998
2016-03-01,United Kingdom,0.7018
2016-04-01,United Kingdom,0.6984
2016-05-01,United Kingdom,0.6885
2016-06-01,United Kingdom,0.7044
2016-07-01,United Kingdom,0.7614
2016-08-01,United Kingdom,0.7633
2016-09-01,United Kingdom,0.761
2016-10-01,United Kingdom,0.811
2016-11-01,United Kingdom,0.8044
2016-12-01,United Kingdom,0.8011
2017-01-01,United Kingdom,0.8086
2017-02-01,United Kingdom,0.8003
2017-03-01,United Kingdom,0.8099
2017-04-01,United Kingdom,0.7912
2017-05-01,United Kingdom,0.7735
2017-06-01,United Kingdom,0.7806
2017-07-01,United Kingdom,0.7695
2017-08-01,United Kingdom,0.7721
2017-09-01,United Kingdom,0.7496
2017-10-01,United Kingdom,0.7575
2017-11-01,United Kingdom,0.7566
2017-12-01,United Kingdom,0.746
2018-01-01,United Kingdom,0.7234
2018-02-01,United Kingdom,0.7163
2018-03-01,United Kingdom,0.7155
2018-04-01,United Kingdom,0.7103
2018-05-01,United Kingdom,0.7424
2018-06-01,United Kingdom,0.7522
2018-07-01,United Kingdom,0.7598
2018-08-01,United Kingdom,0.7765
2018-09-01,United Kingdom,0.7653
2018-10-01,United Kingdom,0.7685
2018-11-01,United Kingdom,0.7752
2018-12-01,United Kingdom,0.7896
2019-01-01,United Kingdom,0.7751
2019-02-01,United Kingdom,0.7683
2019-03-01,United Kingdom,0.7595
2019-04-01,United Kingdom,0.7675
2019-05-01,United Kingdom,0.7779
2019-06-01,United Kingdom,0.789
2019-07-01,United Kingdom,0.8025
2019-08-01,United Kingdom,0.8224
2019-09-01,United Kingdom,0.8085
2019-10-01,United Kingdom,0.7901
2019-11-01,United Kingdom,0.7762
2019-12-01,United Kingdom,0.7628
2020-01-01,United Kingdom,0.7648
2020-02-01,United Kingdom,0.772
2020-03-01,United Kingdom,0.8085
2020-04-01,United Kingdom,0.8052
2020-05-01,United Kingdom,0.8129
2020-06-01,United Kingdom,0.7985
2020-07-01,United Kingdom,0.7873
2020-08-01,United Kingdom,0.7609
2020-09-01,United Kingdom,0.7724
2020-10-01,United Kingdom,0.7704
2020-11-01,United Kingdom,0.7577
2020-12-01,United Kingdom,0.7444
2021-01-01,United Kingdom,0.7331
2021-02-01,United Kingdom,0.7211
2021-03-01,United Kingdom,0.7213
2021-04-01,United Kingdom,0.7223
2021-05-01,United Kingdom,0.71
2021-06-01,United Kingdom,0.713
2021-07-01,United Kingdom,0.7242
2021-08-01,United Kingdom,0.7248
2021-09-01,United Kingdom,0.7282
2021-10-01,United Kingdom,0.7299
2021-11-01,United Kingdom,0.7428
2021-12-01,United Kingdom,0.7517
2022-01-01,United Kingdom,0.7377
2022-02-01,United Kingdom,0.7386
2022-03-01,United Kingdom,0.7594
2022-04-01,United Kingdom,0.7732
2022-05-01,United Kingdom,0.804
2022-06-01,United Kingdom,0.8117
2022-07-01,United Kingdom,0.8342
2022-08-01,United Kingdom,0.8345
2022-09-01,United Kingdom,0.8834
2022-10-01,United Kingdom,0.8825
2022-11-01,United Kingdom,0.8527
2022-12-01,United Kingdom,0.821
2023-01-01,United Kingdom,0.8172
2023-02-01,United Kingdom,0.8275
2023-03-01,United Kingdom,0.8239
2023-04-01,United Kingdom,0.8035
2023-05-01,United Kingdom,0.801
2023-06-01,United Kingdom,0.792
2023-07-01,United Kingdom,0.7756
2023-08-01,United Kingdom,0.787
2023-09-01,United Kingdom,0.8077
2023-10-01,United Kingdom,0.8214
2023-11-01,United Kingdom,0.8041
2023-12-01,United Kingdom,0.7901
2024-01-01,United Kingdom,0.7873
2024-02-01,United Kingdom,0.7918
2024-03-01,United Kingdom,0.7866
2024-04-01,United Kingdom,0.7989
2024-05-01,United Kingdom,0.7914
2024-06-01,United Kingdom,0.7864
2024-07-01,United Kingdom,0.777
2024-08-01,United Kingdom,0.7725
2024-09-01,United Kingdom,0.7565
2024-10-01,United Kingdom,0.7667
2024-11-01,United Kingdom,0.7851
2024-12-01,United Kingdom,0.7907
2025-01-01,United Kingdom,0.8095
2025-02-01,United Kingdom,0.7973
2025-03-01,United Kingdom,0.7744
2025-04-01,United Kingdom,0.7608
2025-05-01,United Kingdom,0.7486
2025-06-01,United Kingdom,0.7365
2025-07-01,United Kingdom,0.7413
2025-08-01,United Kingdom,0.7432
2025-09-01,United Kingdom,0.7404
2025-10-01,United Kingdom,0.7487
2025-11-01,United Kingdom,0.7611
2025-12-01,United Kingdom,0.747
2026-01-01,United Kingdom,0.7388
2026-02-01,United Kingdom,0.7364
2026-03-01,United Kingdom,0.7497
2026-04-01,United Kingdom,0.7433
2026-05-01,United Kingdom,0.7409
2026-06-01,United Kingdom,0.7497
2026-07-01,United Kingdom,0.7472
2026-08-01,United Kingdom,0.7382
2026-09-01,United Kingdom,0.7459
