month,house_price_gbp,house_price_yoy_pct,gilt_10y_pct,usd_per_gbp,gold_usd_oz,brent_usd_bbl,gold_gbp_oz,brent_gbp_bbl
1953-01-01,,,,,34.84,,,
1953-02-01,1891.0,,,,34.84,,,
1953-03-01,,,,,34.84,,,
1953-04-01,,,,,34.84,,,
1953-05-01,1891.0,,,,34.84,,,
1953-06-01,,,,,34.84,,,
1953-07-01,,,,,34.84,,,
1953-08-01,1881.0,,,,34.84,,,
1953-09-01,,,,,34.84,,,
1953-10-01,,,,,34.84,,,
1953-11-01,1872.0,-1.0,,,34.84,,,
1953-12-01,,,,,34.84,,,
1954-01-01,,,,,35.04,,,
1954-02-01,1863.0,-1.5,,,35.04,,,
1954-03-01,,,,,35.04,,,
1954-04-01,,,,,35.04,,,
1954-05-01,1872.0,-1.0,,,35.04,,,
1954-06-01,,,,,35.04,,,
1954-07-01,,,,,35.04,,,
1954-08-01,1863.0,-1.0,,,35.04,,,
1954-09-01,,,,,35.04,,,
1954-10-01,,,,,35.04,,,
1954-11-01,1853.0,-1.0,,,35.04,,,
1954-12-01,,,,,35.04,,,
1955-01-01,,,,,35.03,,,
1955-02-01,1900.0,2.0,,,35.03,,,
1955-03-01,,,,,35.03,,,
1955-04-01,,,,,35.03,,,
1955-05-01,1937.0,3.5,,,35.03,,,
1955-06-01,,,,,35.03,,,
1955-07-01,,,,,35.03,,,
1955-08-01,1937.0,4.0,,,35.03,,,
1955-09-01,,,,,35.03,,,
1955-10-01,,,,,35.03,,,
1955-11-01,1937.0,4.5,,,35.03,,,
1955-12-01,,,,,35.03,,,
1956-01-01,,,,,34.99,,,
1956-02-01,1975.0,3.9,,,34.99,,,
1956-03-01,,,,,34.99,,,
1956-04-01,,,,,34.99,,,
1956-05-01,2003.0,3.4,,,34.99,,,
1956-06-01,,,,,34.99,,,
1956-07-01,,,,,34.99,,,
1956-08-01,2003.0,3.4,,,34.99,,,
1956-09-01,,,,,34.99,,,
1956-10-01,,,,,34.99,,,
1956-11-01,2003.0,3.4,,,34.99,,,
1956-12-01,,,,,34.99,,,
1957-01-01,,,,,34.95,,,
1957-02-01,2021.0,2.4,,,34.95,,,
1957-03-01,,,,,34.95,,,
1957-04-01,,,,,34.95,,,
1957-05-01,2021.0,0.9,,,34.95,,,
1957-06-01,,,,,34.95,,,
1957-07-01,,,,,34.95,,,
1957-08-01,2030.0,1.4,,,34.95,,,
1957-09-01,,,,,34.95,,,
1957-10-01,,,,,34.95,,,
1957-11-01,2030.0,1.4,,,34.95,,,
1957-12-01,,,,,34.95,,,
1958-01-01,,,,,35.1,,,
1958-02-01,2049.0,1.4,,,35.1,,,
1958-03-01,,,,,35.1,,,
1958-04-01,,,,,35.1,,,
1958-05-01,2049.0,1.4,,,35.1,,,
1958-06-01,,,,,35.1,,,
1958-07-01,,,,,35.1,,,
1958-08-01,2058.0,1.4,,,35.1,,,
1958-09-01,,,,,35.1,,,
1958-10-01,,,,,35.1,,,
1958-11-01,2068.0,1.8,,,35.1,,,
1958-12-01,,,,,35.1,,,
1959-01-01,,,,,35.1,,,
1959-02-01,2077.0,1.4,,,35.1,,,
1959-03-01,,,,,35.1,,,
1959-04-01,,,,,35.1,,,
1959-05-01,2105.0,2.7,,,35.1,,,
1959-06-01,,,,,35.1,,,
1959-07-01,,,,,35.1,,,
1959-08-01,2124.0,3.2,,,35.1,,,
1959-09-01,,,,,35.1,,,
1959-10-01,,,,,35.1,,,
1959-11-01,2170.0,5.0,,,35.1,,,
1959-12-01,,,,,35.1,,,
1960-01-01,,,,,35.27,,,
1960-02-01,2189.0,5.4,,,35.0,,,
1960-03-01,,,,,35.0,,,
1960-04-01,,,,,35.27,,,
1960-05-01,2235.0,6.2,,,35.27,,,
1960-06-01,,,,,35.0,,,
1960-07-01,,,,,35.27,,,
1960-08-01,2301.0,8.3,,,35.27,,,
1960-09-01,,,,,35.27,,,
1960-10-01,,,,,35.27,,,
1960-11-01,2328.0,7.3,,,35.27,,,
1960-12-01,,,,,35.0,,,
1961-01-01,,,,,35.25,,,
1961-02-01,2403.0,9.8,,,35.0,,,
1961-03-01,,,,,35.0,,,
1961-04-01,,,,,35.0,,,
1961-05-01,2440.0,9.2,,,35.0,,,
1961-06-01,,,,,35.0,,,
1961-07-01,,,,,35.0,,,
1961-08-01,2468.0,7.3,,,35.0,,,
1961-09-01,,,,,35.0,,,
1961-10-01,,,,,35.0,,,
1961-11-01,2543.0,9.2,,,35.0,,,
1961-12-01,,,,,35.0,,,
1962-01-01,,,,,35.0,,,
1962-02-01,2552.0,6.2,,,35.0,,,
1962-03-01,,,,,35.0,,,
1962-04-01,,,,,35.23,,,
1962-05-01,2599.0,6.5,,,35.0,,,
1962-06-01,,,,,35.0,,,
1962-07-01,,,,,35.0,,,
1962-08-01,2645.0,7.2,,,35.0,,,
1962-09-01,,,,,35.23,,,
1962-10-01,,,,,35.0,,,
1962-11-01,2673.0,5.1,,,35.0,,,
1962-12-01,,,,,35.23,,,
1963-01-01,,,,,35.0,,,
1963-02-01,2748.0,7.7,,,35.0,,,
1963-03-01,,,,,35.0,,,
1963-04-01,,,,,35.0,,,
1963-05-01,2822.0,8.6,,,35.0,,,
1963-06-01,,,,,35.0,,,
1963-07-01,,,,,35.0,,,
1963-08-01,2850.0,7.7,,,35.0,,,
1963-09-01,,,,,35.0,,,
1963-10-01,,,,,35.0,,,
1963-11-01,2943.0,10.1,,,35.0,,,
1963-12-01,,,,,35.0,,,
1964-01-01,,,,,35.0,,,
1964-02-01,2999.0,9.2,,,35.0,,,
1964-03-01,,,,,35.0,,,
1964-04-01,,,,,35.0,,,
1964-05-01,3092.0,9.6,,,35.1,,,
1964-06-01,,,,,35.0,,,
1964-07-01,,,,,35.0,,,
1964-08-01,3139.0,10.1,,,35.0,,,
1964-09-01,,,,,35.0,,,
1964-10-01,,,,,35.0,,,
1964-11-01,3185.0,8.2,,,35.0,,,
1964-12-01,,,,,35.0,,,
1965-01-01,,,,,35.0,,,
1965-02-01,3269.0,9.0,,,35.0,,,
1965-03-01,,,,,35.0,,,
1965-04-01,,,,,35.0,,,
1965-05-01,3344.0,8.1,,,35.0,,,
1965-06-01,,,,,35.0,,,
1965-07-01,,,,,35.0,,,
1965-08-01,3381.0,7.7,,,35.0,,,
1965-09-01,,,,,35.0,,,
1965-10-01,,,,,35.0,,,
1965-11-01,3418.0,7.3,,,35.0,,,
1965-12-01,,,,,35.0,,,
1966-01-01,,,,,35.0,,,
1966-02-01,3465.0,6.0,,,35.0,,,
1966-03-01,,,,,35.0,,,
1966-04-01,,,,,35.0,,,
1966-05-01,3558.0,6.4,,,35.0,,,
1966-06-01,,,,,35.0,,,
1966-07-01,,,,,35.0,,,
1966-08-01,3558.0,5.2,,,35.0,,,
1966-09-01,,,,,35.0,,,
1966-10-01,,,,,35.0,,,
1966-11-01,3586.0,4.9,,,35.0,,,
1966-12-01,,,,,35.0,,,
1967-01-01,,,,,35.0,,,
1967-02-01,3642.0,5.1,,,35.0,,,
1967-03-01,,,,,35.0,,,
1967-04-01,,,,,35.0,,,
1967-05-01,3698.0,3.9,,,35.0,,,
1967-06-01,,,,,35.0,,,
1967-07-01,,,,,35.0,,,
1967-08-01,3763.0,5.8,,,35.0,,,
1967-09-01,,,,,35.0,,,
1967-10-01,,,,,35.0,,,
1967-11-01,3837.0,7.0,,,35.0,,,
1967-12-01,,,,,35.0,,,
1968-01-01,,,,,36.0,,,
1968-02-01,3903.0,7.2,,,36.0,,,
1968-03-01,,,,,37.0,,,
1968-04-01,,,,,38.0,,,
1968-05-01,3996.0,8.1,,,41.0,,,
1968-06-01,,,,,41.0,,,
1968-07-01,,,,,39.0,,,
1968-08-01,4052.0,7.7,,,39.0,,,
1968-09-01,,,,,40.0,,,
1968-10-01,,,,,39.0,,,
1968-11-01,4089.0,6.6,,,40.0,,,
1968-12-01,,,,,41.0,,,
1969-01-01,,,,,42.0,,,
1969-02-01,4145.0,6.2,,,43.0,,,
1969-03-01,,,,,43.0,,,
1969-04-01,,,,,43.0,,,
1969-05-01,4201.0,5.1,,,43.0,,,
1969-06-01,,,,,41.0,,,
1969-07-01,,,,,42.0,,,
1969-08-01,4229.0,4.4,,,41.0,,,
1969-09-01,,,,,41.0,,,
1969-10-01,,,,,40.0,,,
1969-11-01,4312.0,5.5,,,37.0,,,
1969-12-01,,,,,35.0,,,
1970-01-01,,,,,35.0,,,
1970-02-01,4378.0,5.6,,,35.0,,,
1970-03-01,,,,,35.0,,,
1970-04-01,,,,,36.0,,,
1970-05-01,4452.0,6.0,,,36.0,,,
1970-06-01,,,,,35.0,,,
1970-07-01,,,,,35.0,,,
1970-08-01,4508.0,6.6,,,35.0,,,
1970-09-01,,,,,36.0,,,
1970-10-01,,,,,38.0,,,
1970-11-01,4582.0,6.3,,,37.0,,,
1970-12-01,,,,,37.0,,,
1971-01-01,,,,2.4056,38.0,,15.7966,
1971-02-01,4741.0,8.3,,2.4178,39.0,,16.1304,
1971-03-01,,,,2.419,39.0,,16.1226,
1971-04-01,,,,2.4178,39.0,,16.1304,
1971-05-01,4908.0,10.3,,2.419,41.0,,16.9494,
1971-06-01,,,,2.419,40.0,,16.536,
1971-07-01,,,,2.4184,41.0,,16.9535,
1971-08-01,5244.0,16.3,,2.4349,43.0,,17.6601,
1971-09-01,,,,2.4691,42.0,,17.01,
1971-10-01,,,,2.4894,43.0,,17.2731,
1971-11-01,5533.0,20.7,,2.4931,43.0,,17.2473,
1971-12-01,,,,2.5265,43.0,,17.0194,
1972-01-01,,,,2.5707,46.0,,17.894,
1972-02-01,6008.0,26.7,,2.6035,48.0,,18.4368,
1972-03-01,,,,2.6178,48.0,,18.336,
1972-04-01,,,,2.6103,49.0,,18.7719,
1972-05-01,6557.0,33.6,,2.6123,55.0,,21.054,
1972-06-01,,,,2.5694,62.0,,24.1304,
1972-07-01,,,,2.445,66.0,,26.994,
1972-08-01,7395.0,41.0,,2.4504,67.0,,27.3427,
1972-09-01,,,,2.4408,65.0,,26.6305,
1972-10-01,,,,2.3946,65.0,,27.144,
1972-11-01,7880.0,42.4,,2.3513,63.0,,26.7939,
1972-12-01,,,,2.3447,64.0,,27.296,
1973-01-01,,,,2.3563,65.0,,27.586,
1973-02-01,8396.0,39.8,,2.4272,74.0,,30.488,
1973-03-01,,,,2.4722,84.0,,33.978,
1973-04-01,,,,2.4839,91.0,,36.6366,
1973-05-01,8832.0,34.7,,2.5304,102.0,,40.3104,
1973-06-01,,,,2.576,120.0,,46.584,
1973-07-01,,,,2.5374,120.0,,47.292,
1973-08-01,9183.0,24.2,,2.4759,107.0,,43.2173,
1973-09-01,,,,2.4184,103.0,,42.5905,
1973-10-01,,,,2.429,100.0,,41.17,
1973-11-01,9767.0,24.0,,2.3872,95.0,,39.7955,
1973-12-01,,,,2.3175,107.0,,46.1705,
1974-01-01,,,,2.2242,129.0,,57.9984,
1974-02-01,9928.0,18.2,,2.2748,150.0,,65.94,
1974-03-01,,,,2.3408,168.0,,71.7696,
1974-04-01,,,,2.3883,172.0,,72.0164,
1974-05-01,10027.0,13.5,,2.4137,163.0,,67.5309,
1974-06-01,,,,2.3901,154.0,,64.4336,
1974-07-01,,,,2.3895,143.0,,59.8455,
1974-08-01,10148.0,10.5,,2.3458,155.0,,66.0765,
1974-09-01,,,,2.3164,152.0,,65.6184,
1974-10-01,,,,2.3332,159.0,,68.1474,
1974-11-01,10208.0,4.5,,2.325,182.0,,78.2782,
1974-12-01,,,,2.3294,184.0,,78.9912,
1975-01-01,,,,2.3624,176.0,,74.5008,
1975-02-01,10388.0,4.6,,2.3958,180.0,,75.132,
1975-03-01,,,,2.4178,178.0,,73.6208,
1975-04-01,,,,2.3708,170.0,,71.706,
1975-05-01,10728.0,7.0,,2.3207,167.0,,71.9603,
1975-06-01,,,,2.2805,164.0,,71.914,
1975-07-01,,,,2.1844,165.0,,75.537,
1975-08-01,10978.0,8.2,,2.1142,163.0,,77.099,
1975-09-01,,,,2.0833,144.0,,69.12,
1975-10-01,,,,2.0568,143.0,,69.5266,
1975-11-01,11288.0,10.6,,2.0483,142.0,,69.3244,
1975-12-01,,,,2.0222,139.0,,68.7355,
1976-01-01,,,,2.0284,131.0,,64.583,
1976-02-01,11519.0,10.9,,2.0263,131.0,,64.6485,
1976-03-01,,,,1.9429,133.0,,68.4551,
1976-04-01,,,,1.8464,128.0,,69.3248,
1976-05-01,11739.0,9.4,,1.808,127.0,,70.2437,
1976-06-01,,,,1.764,126.0,,71.4294,
1976-07-01,,,,1.7851,118.0,,66.1036,
1976-08-01,11999.0,9.3,,1.7828,110.0,,61.699,
1976-09-01,,,,1.7271,114.0,,66.006,
1976-10-01,,,,1.6377,116.0,,70.8296,
1976-11-01,12209.0,8.2,,1.638,130.0,,79.365,
1976-12-01,,,,1.6784,134.0,,79.8372,
1977-01-01,,,,1.7123,132.0,,77.088,
1977-02-01,12409.0,7.7,,1.7103,136.0,,79.5192,
1977-03-01,,,,1.7173,148.0,,86.1804,
1977-04-01,,,,1.7191,149.0,,86.6733,
1977-05-01,12689.0,8.1,,1.7185,147.0,,85.5393,
1977-06-01,,,,1.7191,141.0,,82.0197,
1977-07-01,,,,1.7227,143.0,,83.0115,
1977-08-01,12970.0,8.1,,1.7397,145.0,,83.346,
1977-09-01,,,,1.7431,150.0,,86.055,
1977-10-01,,,,1.7712,159.0,,89.7714,
1977-11-01,13150.0,7.7,,1.8179,162.0,,89.1162,
1977-12-01,,,,1.8546,160.0,,86.272,
1978-01-01,,,,1.9354,173.0,,89.3891,
1978-02-01,13820.0,11.4,,1.9395,178.0,,91.7768,
1978-03-01,,,,1.9055,184.0,,96.5632,
1978-04-01,,,,1.8498,175.0,,94.605,
1978-05-01,14491.0,14.2,,1.8182,176.0,,96.8,
1978-06-01,,,,1.8372,184.0,,100.1512,
1978-07-01,,,,1.895,189.0,,99.7353,
1978-08-01,15912.0,22.7,,1.9406,206.0,,106.1518,
1978-09-01,,,,1.9596,212.0,,108.1836,
1978-10-01,,,,2.0076,227.0,,113.0687,
1978-11-01,16823.0,27.9,,1.9608,206.0,,105.06,
1978-12-01,,,,1.9861,208.0,,104.728,
1979-01-01,,,,2.0052,227.0,,113.2049,
1979-02-01,17793.0,28.7,,2.004,246.0,,122.754,
1979-03-01,,,,2.0379,242.0,,118.7494,
1979-04-01,,,,2.0734,239.0,,115.2697,
1979-05-01,19075.0,31.6,,2.0589,258.0,,125.3106,
1979-06-01,,,,2.1119,279.0,,132.1065,
1979-07-01,,,,2.2599,295.0,,130.5375,
1979-08-01,20485.0,28.7,,2.2366,301.0,,134.5771,
1979-09-01,,,,2.1968,355.0,,161.596,
1979-10-01,,,,2.1436,392.0,,182.868,
1979-11-01,21966.0,30.6,,2.1354,392.0,,183.5736,
1979-12-01,,,,2.2007,455.0,,206.752,
1980-01-01,,,,2.264,675.0,,298.1475,
1980-02-01,22677.0,27.4,,2.2889,665.0,,290.5385,
1980-03-01,,,,2.2046,554.0,,251.2944,
1980-04-01,,,,2.2095,517.0,,233.9942,
1980-05-01,23348.0,22.4,,2.302,514.0,,223.2816,
1980-06-01,,,,2.3359,601.0,,257.2881,
1980-07-01,,,,2.373,643.0,,270.9602,
1980-08-01,23628.0,15.3,,2.3702,627.0,,264.5313,
1980-09-01,,,,2.401,674.0,,280.721,
1980-10-01,,,,2.4166,661.0,,273.5218,
1980-11-01,23497.0,7.0,,2.3941,625.0,,261.0625,
1980-12-01,,,,2.3458,538.0,,229.3494,
1981-01-01,,,,2.4027,557.0,,231.8234,
1981-02-01,23730.0,4.6,,2.2941,500.0,,217.95,
1981-03-01,,,,2.2321,499.0,,223.552,
1981-04-01,,,,2.1753,496.0,,228.0112,
1981-05-01,24098.0,3.2,,2.0886,480.0,,229.824,
1981-06-01,,,,1.9739,461.0,,233.5426,
1981-07-01,,,,1.8737,409.0,,218.2833,
1981-08-01,24188.0,2.4,,1.8202,410.0,,225.254,
1981-09-01,,,,1.8146,444.0,,244.6884,
1981-10-01,,,,1.8406,438.0,,237.9654,
1981-11-01,23798.0,1.3,,1.9026,413.0,,217.0728,
1981-12-01,,,,1.9033,410.0,,215.414,
1982-01-01,,,,1.8861,384.0,,203.5968,
1982-02-01,24177.0,1.9,,1.8471,374.0,,202.4836,
1982-03-01,,,,1.8054,330.0,,182.787,
1982-04-01,,,,1.7721,350.0,,197.505,
1982-05-01,24679.0,2.4,,1.8103,334.0,,184.5016,
1982-06-01,,,,1.7562,315.0,,179.361,
1982-07-01,,,,1.7355,339.0,,195.3318,
1982-08-01,24969.0,3.2,,1.725,364.0,,211.0108,
1982-09-01,,,,1.712,437.0,,255.2517,
1982-10-01,,,,1.6961,422.0,,248.8112,
1982-11-01,25580.0,7.5,,1.6321,415.0,,254.2705,
1982-12-01,,,,1.616,445.0,,275.366,
1983-01-01,,,,1.5755,481.0,,305.2907,
1983-02-01,26307.0,8.8,,1.5328,491.0,,320.3284,
1983-03-01,,,,1.4901,420.0,,281.862,
1983-04-01,,,,1.5361,433.0,,281.883,
1983-05-01,27386.0,11.0,,1.5721,438.0,,278.6118,
1983-06-01,,,,1.548,413.0,,266.798,
1983-07-01,,,,1.5272,403.0,,263.8844,
1983-08-01,28175.0,12.8,,1.5026,416.0,,276.848,
1983-09-01,,,,1.4986,412.0,,274.9276,
1983-10-01,,,,1.497,394.0,,263.192,
1983-11-01,28623.0,11.9,,1.4767,382.0,,258.6904,
1983-12-01,,,,1.4339,388.0,,270.5912,
1984-01-01,,,,1.4077,371.0,,263.5584,
1984-02-01,29675.0,12.8,,1.4418,386.0,,267.7296,
1984-03-01,,,10.9817,1.4556,394.0,,270.678,
1984-04-01,,,,1.4211,381.0,,268.1097,
1984-05-01,30833.0,12.6,,1.3895,377.0,,271.3269,
1984-06-01,,,11.5721,1.377,378.0,,274.5036,
1984-07-01,,,,1.32,348.0,,263.6448,
1984-08-01,31254.0,10.9,,1.3132,348.0,,265.002,
1984-09-01,,,11.9866,1.2563,340.0,,270.64,
1984-10-01,,,,1.2197,341.0,,279.5859,
1984-11-01,32543.0,13.7,,1.2392,342.0,,275.994,
1984-12-01,,,11.1937,1.1861,320.0,,269.792,
1985-01-01,,,,1.1271,303.0,,268.8216,
1985-02-01,33200.0,11.9,,1.0931,299.0,,273.5252,
1985-03-01,,,11.6959,1.1252,314.0,,279.0518,
1985-04-01,,,,1.2376,327.0,,264.216,
1985-05-01,34174.0,10.8,,1.2483,316.0,,253.1476,
1985-06-01,,,11.3342,1.2807,317.0,,247.5136,
1985-07-01,,,,1.3806,317.0,,229.6031,
1985-08-01,34700.0,11.0,,1.3841,330.0,,238.425,
1985-09-01,,,10.8519,1.3643,323.0,,236.759,
1985-10-01,,,,1.4215,326.0,,229.341,
1985-11-01,35436.0,8.9,,1.4397,322.0,,223.6612,
1985-12-01,,,10.7861,1.4447,322.0,,222.8884,
1986-01-01,,,,1.4245,347.0,,243.594,
1986-02-01,35647.0,7.4,,1.4298,339.0,,237.0966,
1986-03-01,,,10.7366,1.4674,346.0,,235.799,
1986-04-01,,,,1.4986,340.0,,226.882,
1986-05-01,37015.0,8.3,,1.5211,342.0,,224.8308,
1986-06-01,,,9.1066,1.5085,343.0,,227.3747,
1986-07-01,,,,1.5072,348.0,,230.898,
1986-08-01,38251.0,10.2,,1.4861,377.0,,253.6833,
1986-09-01,,,9.8473,1.4697,418.0,,284.4072,
1986-10-01,,,,1.4263,424.0,,297.2664,
1986-11-01,39593.0,11.7,,1.4239,398.0,,279.5154,
1986-12-01,,,11.1436,1.4393,391.0,,271.6668,
1987-01-01,,,,1.5053,408.0,,271.0344,
1987-02-01,40882.0,14.7,,1.5279,401.0,,262.4545,
1987-03-01,,,9.9135,1.5924,409.0,,256.852,
1987-04-01,,,,1.6313,438.0,,268.494,
1987-05-01,42987.0,16.1,,1.6667,460.0,18.58,276.0,11.148
1987-06-01,,,9.144,1.6289,450.0,18.86,276.255,11.5782
1987-07-01,,,,1.609,451.0,19.86,280.2965,12.343
1987-08-01,44434.0,16.2,,1.5995,461.0,18.98,288.2172,11.8663
1987-09-01,,,10.008,1.6445,460.0,18.31,279.726,11.1343
1987-10-01,,,,1.662,465.0,18.76,279.7905,11.2879
1987-11-01,44355.0,12.0,,1.7753,468.0,17.78,263.6244,10.0155
1987-12-01,,,9.779,1.8288,486.0,17.05,265.7448,9.3229
1988-01-01,,,,1.8008,477.0,16.75,264.8781,9.3013
1988-02-01,45091.0,10.3,,1.7581,442.0,15.73,251.4096,8.9472
1988-03-01,,,9.6146,1.8328,444.0,14.73,242.2464,8.0367
1988-04-01,,,,1.8783,452.0,16.6,240.6448,8.8378
1988-05-01,48932.0,13.8,,1.8695,451.0,16.31,241.2399,8.7242
1988-06-01,,,9.5053,1.7768,451.0,15.54,253.8228,8.7459
1988-07-01,,,,1.705,438.0,14.91,256.887,8.7447
1988-08-01,54352.0,22.3,,1.6966,431.0,14.89,254.0314,8.7762
1988-09-01,,,10.0487,1.6841,413.0,13.18,245.2394,7.8263
1988-10-01,,,,1.7388,407.0,12.41,234.0657,7.137
1988-11-01,57245.0,29.1,,1.8086,420.0,13.02,232.218,7.1988
1988-12-01,,,9.9923,1.8258,419.0,15.31,229.4863,8.3853
1989-01-01,,,,1.7737,404.0,17.17,227.7752,9.6804
1989-02-01,59534.0,32.0,,1.7535,388.0,16.89,221.2764,9.6324
1989-03-01,,,9.9431,1.7135,390.0,18.7,227.604,10.9133
1989-04-01,,,,1.7007,384.0,20.32,225.792,11.9482
1989-05-01,62244.0,27.2,,1.6308,371.0,18.63,227.4972,11.4239
1989-06-01,,,10.3844,1.553,368.0,17.67,236.9552,11.3777
1989-07-01,,,,1.6268,375.0,17.62,230.5125,10.831
1989-08-01,62782.0,15.5,,1.5946,365.0,16.77,228.8915,10.5165
1989-09-01,,,10.1543,1.5716,362.0,17.77,230.3406,11.3071
1989-10-01,,,,1.5873,367.0,18.91,231.21,11.9133
1989-11-01,61495.0,7.4,,1.5726,394.0,18.73,250.5446,11.9104
1989-12-01,,,10.5856,1.5964,409.39,19.84,256.4419,12.4278
1990-01-01,,,,1.6513,410.0,21.25,248.296,12.869
1990-02-01,59587.0,0.1,,1.6961,417.0,19.81,245.8632,11.68
1990-03-01,,,11.5444,1.6244,393.0,18.39,241.9308,11.3209
1990-04-01,,,,1.6372,374.0,16.61,228.4392,10.1454
1990-05-01,58982.0,-5.2,,1.6773,369.0,16.35,219.9978,9.7479
1990-06-01,,,12.1725,1.7103,352.0,15.1,205.8144,8.829
1990-07-01,,,,1.81,363.0,17.17,200.5575,9.4864
1990-08-01,57245.0,-8.8,,1.9011,395.0,27.17,207.77,14.2914
1990-09-01,,,11.9184,1.8793,389.0,34.9,206.9869,18.5703
1990-10-01,,,,1.9455,381.0,36.02,195.834,18.5143
1990-11-01,54919.0,-10.7,,1.9643,382.0,33.07,194.4762,16.8359
1990-12-01,,,11.27,1.922,377.0,28.27,196.1531,14.7089
1991-01-01,,,,1.9346,384.0,23.57,198.4896,12.1833
1991-02-01,54547.0,-8.5,,1.9643,364.0,19.54,185.3124,9.9478
1991-03-01,,,10.3594,1.8215,363.0,19.08,199.287,10.4749
1991-04-01,,,,1.7498,358.0,19.18,204.597,10.9614
1991-05-01,55418.0,-6.0,,1.7238,357.0,19.19,207.0957,11.1321
1991-06-01,,,10.4031,1.6496,367.0,18.17,222.4754,11.0147
1991-07-01,,,,1.6513,368.0,19.4,222.8608,11.7486
1991-08-01,54903.0,-4.1,,1.6841,356.0,19.77,211.3928,11.7394
1991-09-01,,,10.0204,1.7265,349.0,20.5,202.1408,11.8736
1991-10-01,,,,1.7232,359.0,22.21,208.3277,12.8885
1991-11-01,53635.0,-2.3,,1.7797,360.0,21.11,202.284,11.8617
1991-12-01,,,9.7633,1.8272,362.0,18.41,198.1226,10.0758
1992-01-01,,,,1.809,354.0,18.16,195.6912,10.0388
1992-02-01,52187.0,-4.3,,1.7778,354.0,18.05,199.125,10.1531
1992-03-01,,,9.534,1.7238,344.0,17.63,199.5544,10.2272
1992-04-01,,,,1.7565,339.0,18.92,192.9927,10.7712
1992-05-01,52663.0,-5.0,,1.8096,337.0,19.89,186.2262,10.9912
1992-06-01,,,9.2368,1.8549,341.0,21.16,183.8331,11.4074
1992-07-01,,,,1.9175,353.0,20.24,184.0895,10.5552
1992-08-01,52243.0,-4.8,,1.9433,343.0,19.74,176.5078,10.1582
1992-09-01,,,9.2197,1.8464,345.0,20.27,186.852,10.9782
1992-10-01,,,,1.6529,344.0,20.26,208.12,12.2573
1992-11-01,50168.0,-6.5,,1.5267,335.0,19.21,219.425,12.5826
1992-12-01,,,8.4937,1.5511,335.0,18.14,215.9745,11.6949
1993-01-01,,,,1.5326,329.0,17.39,214.6725,11.347
1993-02-01,50128.0,-3.9,,1.4395,329.0,18.47,228.5563,12.8311
1993-03-01,,,8.0831,1.4618,330.0,18.79,225.753,12.8542
1993-04-01,,,,1.5446,342.0,18.67,221.4108,12.087
1993-05-01,51918.0,-1.4,,1.5477,367.0,18.51,237.1187,11.9593
1993-06-01,,,8.0837,1.5083,372.0,17.65,246.636,11.702
1993-07-01,,,,1.4954,392.0,16.78,262.1304,11.2208
1993-08-01,51746.0,-1.0,,1.4914,379.0,16.7,254.1195,11.1974
1993-09-01,,,7.3236,1.5249,355.0,16.01,232.809,10.4994
1993-10-01,,,,1.5024,364.0,16.61,242.2784,11.0556
1993-11-01,51050.0,1.8,,1.4808,374.0,15.2,252.5622,10.2646
1993-12-01,,,6.7783,1.4912,383.0,13.73,256.8398,9.2073
1994-01-01,,,,1.4923,387.0,14.29,259.3287,9.5757
1994-02-01,51327.0,2.4,,1.4793,382.0,13.8,258.232,9.3288
1994-03-01,,,6.8781,1.4919,384.0,13.82,257.3952,9.2635
1994-04-01,,,,1.4824,377.0,15.23,254.3242,10.2742
1994-05-01,51362.0,-1.1,,1.5042,381.0,16.19,253.2888,10.7631
1994-06-01,,,8.2991,1.5263,386.0,16.76,252.9072,10.9812
1994-07-01,,,,1.5468,385.0,17.6,248.9025,11.3784
1994-08-01,51731.0,-0.0,,1.5423,380.0,16.89,246.392,10.9515
1994-09-01,,,8.6962,1.5662,392.0,15.9,250.292,10.1522
1994-10-01,,,,1.6064,390.0,16.49,242.775,10.265
1994-11-01,52114.0,2.1,,1.5893,384.0,17.19,241.6128,10.8159
1994-12-01,,,8.6666,1.5586,379.0,15.93,243.1664,10.2207
1995-01-01,,,,1.5746,379.0,16.55,240.7029,10.5109
1995-02-01,51084.0,-0.5,,1.5721,377.0,17.11,239.8097,10.8837
1995-03-01,,,8.6595,1.6003,382.0,17.01,238.7118,10.6295
1995-04-01,,,,1.6072,391.0,18.65,243.2802,11.604
1995-05-01,51633.0,0.5,,1.5873,385.0,18.35,242.55,11.5605
1995-06-01,,,8.2308,1.5949,388.0,17.31,243.276,10.8534
1995-07-01,,,,1.5952,386.0,15.85,241.9834,9.9364
1995-08-01,51334.0,-0.8,,1.5669,384.0,16.1,245.0688,10.275
1995-09-01,,,8.1091,1.5591,383.0,16.7,245.6562,10.7114
1995-10-01,,,,1.5778,383.0,16.11,242.7454,10.2105
1995-11-01,50930.0,-2.3,,1.5625,385.0,16.86,246.4,10.7904
1995-12-01,,,7.8023,1.5406,387.0,17.93,251.2017,11.6384
1996-01-01,,,,1.5288,399.0,17.85,260.9859,11.6757
1996-02-01,51367.0,0.6,,1.5361,405.0,18.0,263.655,11.718
1996-03-01,,,7.7483,1.5272,396.0,19.85,259.3008,12.9978
1996-04-01,,,,1.5161,393.0,20.9,259.2228,13.7856
1996-05-01,53032.0,2.7,,1.5152,392.0,19.15,258.72,12.639
1996-06-01,,,8.0674,1.5415,385.0,18.46,249.7495,11.975
1996-07-01,,,,1.553,383.0,19.57,246.6137,12.6011
1996-08-01,54008.0,5.2,,1.5499,387.0,20.51,249.6924,13.2331
1996-09-01,,,7.8531,1.5593,383.0,22.63,245.6179,14.5126
1996-10-01,,,,1.5863,381.0,24.16,240.1824,15.2305
1996-11-01,55169.0,8.3,,1.6622,378.0,22.76,227.4048,13.6924
1996-12-01,,,7.5685,1.6639,369.0,23.78,221.769,14.2918
1997-01-01,,,,1.6584,355.0,23.54,214.065,14.1946
1997-02-01,55810.0,8.6,,1.6255,347.0,20.85,213.4744,12.8269
1997-03-01,,,7.4061,1.6095,352.0,19.13,218.6976,11.8855
1997-04-01,,,,1.6292,344.0,17.56,211.1472,10.7783
1997-05-01,58403.0,10.1,,1.6321,344.0,19.02,210.7688,11.6536
1997-06-01,,,7.3234,1.645,341.0,17.58,207.2939,10.6869
1997-07-01,,,,1.6694,324.0,18.46,194.076,11.0575
1997-08-01,60754.0,12.5,,1.6036,324.0,18.6,202.0464,11.599
1997-09-01,,,6.9875,1.6013,323.0,18.46,201.7135,11.5283
1997-10-01,,,,1.6329,325.0,19.87,199.03,12.1684
1997-11-01,61830.0,12.1,,1.6889,306.0,19.17,181.1826,11.3506
1997-12-01,,,6.5013,1.6598,289.0,17.18,174.1225,10.351
1998-01-01,,,,1.6351,289.0,15.19,176.7524,9.2902
1998-02-01,62903.0,12.7,,1.6407,297.0,14.07,181.0215,8.5757
1998-03-01,,,6.0444,1.662,296.0,13.1,178.1032,7.8823
1998-04-01,,,,1.6722,308.0,13.53,184.184,8.0909
1998-05-01,65221.0,11.7,,1.6383,299.0,14.36,182.5096,8.7653
1998-06-01,,,5.8191,1.6504,292.0,12.21,176.9228,7.398
1998-07-01,,,,1.6437,293.0,12.08,178.2612,7.3495
1998-08-01,66366.0,9.2,,1.6343,284.0,11.91,173.7796,7.2877
1998-09-01,,,5.521,1.6824,289.0,13.34,171.7816,7.9293
1998-10-01,,,,1.6943,296.0,12.7,174.6992,7.4955
1998-11-01,66313.0,7.3,,1.6611,294.0,11.04,176.988,6.6461
1998-12-01,,,4.8223,1.6708,292.0,9.82,174.762,5.8773
1999-01-01,,,,1.6499,287.0,11.11,173.9507,6.7338
1999-02-01,67478.0,7.3,,1.6276,287.0,10.27,176.3328,6.3099
1999-03-01,,,4.4674,1.6213,286.0,12.51,176.4048,7.7162
1999-04-01,,,,1.609,283.0,15.29,175.8845,9.5027
1999-05-01,70010.0,7.3,,1.6155,276.0,15.23,170.844,9.4274
1999-06-01,,,4.8991,1.5949,261.0,15.86,163.647,9.9442
1999-07-01,,,,1.5751,256.0,19.08,162.5344,12.1139
1999-08-01,72362.0,9.0,,1.6059,257.0,20.22,160.0339,12.591
1999-09-01,,,5.4991,1.6247,265.0,22.54,163.1075,13.8734
1999-10-01,,,,1.6573,311.0,22.0,187.6574,13.2748
1999-11-01,74638.0,12.6,,1.6205,293.0,24.58,180.8103,15.1683
1999-12-01,,,5.5267,1.6132,283.0,25.47,175.4317,15.7889
2000-01-01,,,,1.6404,284.0,25.51,173.1264,15.5509
2000-02-01,77698.0,15.1,,1.6,300.0,27.78,187.5,17.3625
2000-03-01,,,5.5986,1.5798,286.0,27.49,181.038,17.4012
2000-04-01,,,,1.5823,280.0,22.76,176.96,14.3843
2000-05-01,81202.0,16.0,,1.509,275.0,27.74,182.2425,18.3833
2000-06-01,,,5.3093,1.5092,286.0,29.8,189.5036,19.7455
2000-07-01,,,,1.5076,282.0,28.68,187.0506,19.0234
2000-08-01,80935.0,11.8,,1.489,274.47,30.2,184.3341,20.2823
2000-09-01,,,5.3193,1.4337,274.0,33.14,191.115,23.1152
2000-10-01,,,,1.4505,270.0,30.96,186.138,21.3438
2000-11-01,81628.0,9.4,,1.4257,266.0,32.55,186.5724,22.8306
2000-12-01,,,5.0838,1.4628,271.0,25.66,185.2556,17.5412
2001-01-01,,,,1.4775,265.0,25.62,179.352,17.3396
2001-02-01,83976.0,8.1,,1.4524,262.0,27.5,180.387,18.9338
2001-03-01,,,4.7906,1.4445,263.0,24.5,182.0749,16.9614
2001-04-01,,,,1.4347,260.0,25.66,181.22,17.885
2001-05-01,87638.0,7.9,,1.4265,272.0,28.31,190.672,19.8453
2001-06-01,,,5.0903,1.4019,270.0,27.85,192.591,19.8654
2001-07-01,,,,1.4148,268.0,24.61,189.4224,17.3943
2001-08-01,91049.0,12.5,,1.4372,272.0,25.68,189.2576,17.8681
2001-09-01,,,5.0611,1.4637,283.0,25.62,193.3456,17.5036
2001-10-01,,,,1.4501,283.0,20.54,195.1568,14.1644
2001-11-01,92533.0,13.4,,1.4355,276.0,18.8,192.2616,13.0961
2001-12-01,,,4.7772,1.4413,276.0,18.71,191.4888,12.981
2002-01-01,,,,1.4323,282.0,19.42,196.8924,13.559
2002-02-01,95356.0,13.6,,1.4227,296.0,20.28,208.0584,14.2548
2002-03-01,,,5.0175,1.4231,294.0,23.7,206.5938,16.654
2002-04-01,,,,1.443,303.0,25.73,209.979,17.8309
2002-05-01,103501.0,18.1,,1.4599,314.0,25.35,215.09,17.3648
2002-06-01,,,5.2065,1.4837,321.0,24.08,216.354,16.2299
2002-07-01,,,,1.5564,313.0,25.74,201.1025,16.538
2002-08-01,110830.0,21.7,,1.5368,310.0,26.65,201.717,17.3412
2002-09-01,,,4.7575,1.5564,319.0,28.4,204.9575,18.247
2002-10-01,,,,1.5574,317.0,27.54,203.5457,17.6834
2002-11-01,115940.0,25.3,,1.5711,319.0,24.34,203.0435,15.4924
2002-12-01,,,4.607,1.5863,332.0,28.33,209.2928,17.8592
2003-01-01,,,,1.6176,357.0,31.18,220.6974,19.2755
2003-02-01,119938.0,25.8,,1.608,359.0,32.77,223.2621,20.3797
2003-03-01,,,4.3119,1.5825,341.0,30.61,215.4779,19.3425
2003-04-01,,,,1.5738,328.0,25.0,208.4112,15.885
2003-05-01,125382.0,21.1,,1.6223,356.0,25.86,219.4384,15.9401
2003-06-01,,,4.2637,1.6609,356.0,27.65,214.3476,16.6481
2003-07-01,,,,1.6221,351.0,28.35,216.3915,17.4778
2003-08-01,129761.0,17.1,,1.5939,360.0,29.89,225.864,18.753
2003-09-01,,,4.5715,1.6155,379.0,27.11,234.601,16.7811
2003-10-01,,,,1.6793,379.0,29.61,225.6945,17.6328
2003-11-01,133903.0,15.5,,1.6898,390.0,28.75,230.802,17.0142
2003-12-01,,,4.9528,1.7516,407.0,29.81,232.3563,17.0185
2004-01-01,,,,1.8255,414.0,31.28,226.7892,17.1352
2004-02-01,140225.0,16.9,,1.8674,405.0,30.86,216.8775,16.5255
2004-03-01,,,4.7649,1.8262,407.0,33.63,222.8732,18.4158
2004-04-01,,,,1.8031,403.0,33.59,223.5038,18.629
2004-05-01,148462.0,18.4,,1.786,384.0,37.57,215.0016,21.0354
2004-06-01,,,5.0929,1.8278,392.0,35.18,214.4632,19.247
2004-07-01,,,,1.8437,398.0,38.22,215.8752,20.7305
2004-08-01,153482.0,18.3,,1.8202,401.0,42.74,220.3094,23.4814
2004-09-01,,,5.0088,1.7937,405.0,43.2,225.7875,24.084
2004-10-01,,,,1.8077,420.0,49.78,232.344,27.5383
2004-11-01,152464.0,13.9,,1.8608,439.0,43.11,235.9186,23.1673
2004-12-01,,,4.6639,1.9286,442.0,39.6,229.177,20.5326
2005-01-01,,,,1.8797,424.0,44.51,225.568,23.6793
2005-02-01,152790.0,9.0,,1.8871,423.0,45.48,224.1477,24.0999
2005-03-01,,,4.6446,1.9044,434.0,53.1,227.8934,27.8828
2005-04-01,,,,1.8961,429.0,51.88,226.2546,27.3615
2005-05-01,157494.0,6.1,,1.856,422.0,48.65,227.3736,26.2126
2005-06-01,,,4.4392,1.8179,431.0,54.35,237.0931,29.8979
2005-07-01,,,,1.7507,424.0,57.52,242.1888,32.8554
2005-08-01,157627.0,2.7,,1.7944,438.0,63.98,244.0974,35.6561
2005-09-01,,,4.2786,1.8064,456.0,62.91,252.4416,34.827
2005-10-01,,,,1.7652,470.0,58.54,266.255,33.1629
2005-11-01,157387.0,3.2,,1.7349,477.0,55.24,274.9428,31.8403
2005-12-01,,,4.2947,1.7458,510.0,56.86,292.128,32.5694
2006-01-01,,,,1.7687,550.0,62.99,310.97,35.6145
2006-02-01,160319.0,4.9,,1.7479,555.0,60.21,317.5155,34.4461
2006-03-01,,,4.187,1.7443,557.0,62.06,319.3281,35.579
2006-04-01,,,,1.768,611.0,70.26,345.5816,39.7391
2006-05-01,165035.0,4.8,,1.8688,675.0,69.78,361.1925,37.3393
2006-06-01,,,4.6158,1.8437,596.0,68.56,323.2704,37.1869
2006-07-01,,,,1.8443,634.0,73.67,343.7548,39.9439
2006-08-01,168460.0,6.9,,1.8939,633.0,73.23,334.224,38.6654
2006-09-01,,,4.6211,1.8839,598.0,61.96,317.4184,32.8884
2006-10-01,,,,1.8765,586.0,57.81,312.2794,30.8069
2006-11-01,172065.0,9.3,,1.9124,628.0,58.76,328.3812,30.7256
2006-12-01,,,4.5922,1.9627,630.0,62.47,320.985,31.8285
2007-01-01,,,,1.9589,631.0,53.68,322.1255,27.4036
2007-02-01,175554.0,9.5,,1.9589,665.0,57.56,339.4825,29.3844
2007-03-01,,,4.8606,1.9474,655.0,62.05,336.3425,31.8627
2007-04-01,,,,1.9881,679.0,67.49,341.537,33.9475
2007-05-01,181810.0,10.2,,1.9841,667.0,67.21,336.168,33.8738
2007-06-01,,,5.2126,1.9869,656.0,71.05,330.1648,35.7595
2007-07-01,,,,2.0354,665.0,76.93,326.7145,37.7957
2007-08-01,184131.0,9.3,,2.0109,665.0,70.76,330.7045,35.1889
2007-09-01,,,5.1897,2.0186,713.0,77.17,353.2202,38.23
2007-10-01,,,,2.045,755.0,82.34,369.195,40.2643
2007-11-01,183959.0,6.9,,2.07,806.0,92.41,389.3786,44.6433
2007-12-01,,,4.7998,2.0161,803.0,90.93,398.288,45.1013
2008-01-01,,,,1.9701,890.0,92.18,451.764,46.7906
2008-02-01,179363.0,2.2,,1.9646,922.0,94.99,469.298,48.3499
2008-03-01,,,4.5223,2.0016,968.0,103.64,483.6128,51.7785
2008-04-01,,,,1.9818,910.0,109.07,459.186,55.0367
2008-05-01,174514.0,-4.0,,1.965,889.0,122.8,452.4121,62.4929
2008-06-01,,,4.9037,1.9666,889.0,132.32,452.0565,67.2847
2008-07-01,,,,1.9889,940.0,132.72,472.632,66.7316
2008-08-01,165188.0,-10.3,,1.8864,839.0,113.24,444.7539,60.0285
2008-09-01,,,4.7878,1.7973,830.0,97.23,461.812,54.0988
2008-10-01,,,,1.6863,807.0,71.58,478.551,42.4469
2008-11-01,156828.0,-14.7,,1.5328,761.0,52.45,496.4764,34.2184
2008-12-01,,,4.165,1.4854,816.0,39.95,549.3312,26.8943
2009-01-01,,,,1.4461,859.0,43.44,593.9985,30.0388
2009-02-01,149709.0,-16.5,,1.4422,943.0,43.32,653.8762,30.0381
2009-03-01,,,3.5295,1.417,924.0,46.54,652.0668,32.8433
2009-04-01,,,,1.4712,890.0,50.18,604.933,34.1073
2009-05-01,154066.0,-11.7,,1.5418,929.0,57.3,602.5494,37.1648
2009-06-01,,,3.5872,1.6369,946.0,68.61,577.9114,41.9138
2009-07-01,,,,1.6377,934.0,64.44,570.3004,39.3471
2009-08-01,160159.0,-3.0,,1.6532,949.0,72.51,574.0501,43.8613
2009-09-01,,,3.7335,1.6324,997.0,67.65,610.7622,41.4424
2009-10-01,,,,1.6213,1043.0,72.77,643.3224,44.8845
2009-11-01,162116.0,3.4,,1.66,1127.0,76.66,678.9048,46.18
2009-12-01,,,3.7361,1.6226,1135.0,74.46,699.5005,45.8897
2010-01-01,,,,1.6158,1118.0,76.17,691.9302,47.1416
2010-02-01,162887.0,8.8,,1.5618,1095.0,73.75,701.1285,47.2221
2010-03-01,,,4.054,1.5058,1113.0,78.83,739.1433,52.351
2010-04-01,,,,1.5333,1149.0,84.82,749.3778,55.3196
2010-05-01,168719.0,9.5,,1.4669,1205.0,75.95,821.4485,51.7751
2010-06-01,,,3.8196,1.4769,1233.0,74.76,834.8643,50.62
2010-07-01,,,,1.5305,1193.0,75.58,779.5062,49.384
2010-08-01,167354.0,4.5,,1.5662,1216.0,77.04,776.416,49.19
2010-09-01,,,3.2904,1.5591,1271.0,77.84,815.2194,49.9266
2010-10-01,,,,1.5868,1342.0,82.67,845.7284,52.0986
2010-11-01,162971.0,0.5,,1.5962,1370.0,85.28,858.305,53.4279
2010-12-01,,,3.3295,1.5596,1391.0,91.45,891.9092,58.6377
2011-01-01,,,,1.5783,1360.0,96.52,861.696,61.1551
2011-02-01,162379.0,-0.3,,1.6124,1375.0,103.72,852.775,64.3271
2011-03-01,,,3.7799,1.6158,1423.0,114.64,880.6947,70.9507
2011-04-01,,,,1.638,1481.0,123.26,904.1505,75.2502
2011-05-01,166764.0,-1.2,,1.6332,1513.0,114.99,926.4099,70.4084
2011-06-01,,,3.5489,1.6218,1529.0,113.83,942.7814,70.1876
2011-07-01,,,,1.6158,1573.0,116.97,973.5297,72.3927
2011-08-01,166597.0,-0.5,,1.6356,1759.0,110.22,1075.4526,67.3885
2011-09-01,,,2.8602,1.577,1772.0,112.83,1123.6252,71.5455
2011-10-01,,,,1.5768,1666.0,109.55,1056.5772,69.4766
2011-11-01,164785.0,1.1,,1.5805,1739.0,110.77,1100.2653,70.0842
2011-12-01,,,2.3362,1.5586,1640.0,107.87,1052.224,69.2094
2012-01-01,,,,1.5523,1654.0,110.69,1065.5068,71.3065
2012-02-01,162722.0,0.2,,1.5803,1745.0,119.33,1104.236,75.512
2012-03-01,,,2.2191,1.5823,1676.0,125.45,1059.232,79.2844
2012-04-01,,,,1.6,1649.0,119.75,1030.625,74.8438
2012-05-01,164955.0,-1.1,,1.5924,1589.0,110.34,997.892,69.2935
2012-06-01,,,1.9727,1.5557,1599.0,95.16,1027.8372,61.1688
2012-07-01,,,,1.5593,1594.0,102.62,1022.2322,65.8102
2012-08-01,163910.0,-1.6,,1.5721,1630.0,113.36,1036.843,72.1083
2012-09-01,,,1.6814,1.6126,1745.0,112.86,1082.0745,69.9845
2012-10-01,,,,1.608,1747.0,111.71,1086.4593,69.4724
2012-11-01,162924.0,-1.1,,1.5967,1722.0,109.06,1078.4886,68.3043
2012-12-01,,,1.7949,1.6145,1685.0,109.49,1043.689,67.8181
2013-01-01,,,,1.5964,1672.0,112.96,1047.3408,70.7581
2013-02-01,163056.0,0.2,,1.5475,1628.0,116.05,1052.0136,74.9915
2013-03-01,,,2.0782,1.5081,1593.0,108.47,1056.3183,71.9265
2013-04-01,,,,1.5312,1488.0,102.25,971.8128,66.7795
2013-05-01,167294.0,1.4,,1.5298,1414.0,102.56,924.3318,67.0435
2013-06-01,,,2.0069,1.5492,1343.0,102.92,866.9065,66.4349
2013-07-01,,,,1.5179,1286.0,107.93,847.2168,71.1043
2013-08-01,170918.0,4.3,,1.5504,1352.0,111.28,872.04,71.7756
2013-09-01,,,2.6684,1.5886,1349.0,111.6,849.1955,70.2522
2013-10-01,,,,1.6098,1317.0,109.08,818.1204,67.7605
2013-11-01,174444.0,7.1,,1.61,1276.0,107.79,792.5236,66.9484
2013-12-01,,,2.7887,1.6383,1222.0,110.76,745.9088,67.6079
2014-01-01,,,,1.6469,1244.0,108.12,755.3568,65.6505
2014-02-01,178124.0,9.2,,1.6559,1300.0,108.9,785.07,65.7647
2014-03-01,,,2.8376,1.6625,1336.0,107.48,803.604,64.6492
2014-04-01,,,,1.6748,1298.0,107.76,775.0358,64.3435
2014-05-01,186544.0,11.5,,1.6841,1289.0,109.54,765.4082,65.0449
2014-06-01,,,2.7423,1.6909,1279.0,111.8,756.4006,66.1185
2014-07-01,,,,1.7065,1311.0,106.77,768.246,62.5672
2014-08-01,188810.0,10.5,,1.67,1295.0,101.61,775.446,60.8441
2014-09-01,,,2.5908,1.6289,1237.0,97.09,759.3943,59.6036
2014-10-01,,,,1.6075,1222.0,87.43,760.2062,54.3902
2014-11-01,189002.0,8.3,,1.577,1175.0,79.44,745.0675,50.3729
2014-12-01,,,2.1151,1.5645,1201.0,62.34,767.6792,39.8477
2015-01-01,,,,1.5142,1251.0,47.76,826.1604,31.5407
2015-02-01,188566.0,5.9,,1.5328,1227.0,58.1,800.4948,37.9044
2015-03-01,,,1.7074,1.4959,1179.0,55.89,788.1615,37.3625
2015-04-01,,,,1.4968,1199.0,59.52,801.0519,39.7653
2015-05-01,194258.0,4.1,,1.5456,1199.0,64.08,775.753,41.4598
2015-06-01,,,1.9884,1.5576,1182.0,61.48,758.844,39.4702
2015-07-01,,,,1.5559,1128.0,56.56,724.9656,36.3511
2015-08-01,195733.0,3.7,,1.5579,1118.0,46.52,717.6442,29.8612
2015-09-01,,,2.0016,1.5337,1125.0,47.62,733.5,31.0482
2015-10-01,,,,1.5342,1159.0,48.43,755.4362,31.5667
2015-11-01,197044.0,4.3,,1.5193,1086.0,44.27,714.8052,29.1385
2015-12-01,,,1.9147,1.4981,1076.0,38.01,718.23,25.3717
2016-01-01,,,,1.4393,1098.0,30.7,762.8904,21.3304
2016-02-01,198564.0,5.3,,1.429,1200.0,32.18,839.76,22.5196
2016-03-01,,,1.6072,1.4249,1245.0,38.21,873.741,26.8158
2016-04-01,,,,1.4318,1242.0,41.58,867.4128,29.0395
2016-05-01,204238.0,5.1,,1.4524,1261.0,46.74,868.1985,32.1805
2016-06-01,,,1.4684,1.4196,1276.0,48.25,898.8144,33.9873
2016-07-01,,,,1.3134,1337.0,44.95,1017.9918,34.2249
2016-08-01,206346.0,5.4,,1.3101,1340.0,45.84,1022.822,34.9897
2016-09-01,,,0.8393,1.3141,1327.0,46.57,1009.847,35.4398
2016-10-01,,,,1.233,1267.0,49.52,1027.537,40.1607
2016-11-01,205937.0,4.5,,1.2432,1238.0,44.73,995.8472,35.9808
2016-12-01,,,1.297,1.2483,1157.0,53.31,926.8727,42.7066
2017-01-01,,,,1.2367,1192.0,54.58,963.8512,44.1334
2017-02-01,206665.0,4.1,,1.2495,1234.0,54.87,987.5702,43.9125
2017-03-01,,,1.3032,1.2347,1231.0,51.59,996.9869,41.7827
2017-04-01,,,,1.2639,1267.0,52.31,1002.4504,41.3877
2017-05-01,209971.0,2.8,,1.2928,1246.0,50.33,963.781,38.9303
2017-06-01,,,1.0942,1.2811,1260.0,46.37,983.556,36.1964
2017-07-01,,,,1.2995,1237.0,48.48,951.8715,37.3054
2017-08-01,211672.0,2.6,,1.2952,1283.0,51.7,990.6043,39.9176
2017-09-01,,,1.2116,1.334,1314.0,56.15,984.9744,42.09
2017-10-01,,,,1.3201,1280.0,57.51,969.6,43.5638
2017-11-01,211433.0,2.7,,1.3217,1282.0,62.71,969.9612,47.4464
2017-12-01,,,1.3323,1.3405,1264.0,64.37,942.944,48.02
2018-01-01,,,,1.3824,1331.0,69.08,962.8454,49.9725
2018-02-01,211792.0,2.5,,1.3961,1331.0,65.32,953.3953,46.7887
2018-03-01,,,1.4982,1.3976,1325.0,66.02,948.0375,47.2373
2018-04-01,,,,1.4079,1335.0,72.11,948.2505,51.2197
2018-05-01,214578.0,2.2,,1.347,1303.0,76.98,967.3472,57.15
2018-06-01,,,1.4779,1.3294,1282.0,74.41,964.3204,55.9712
2018-07-01,,,,1.3161,1238.0,74.25,940.6324,56.4152
2018-08-01,216103.0,2.1,,1.2878,1202.0,72.53,933.353,56.3195
2018-09-01,,,1.4227,1.3067,1198.0,78.89,916.8294,60.3745
2018-10-01,,,,1.3012,1215.0,81.03,933.7275,62.2716
2018-11-01,214178.0,1.3,,1.29,1221.0,64.75,946.5192,50.1942
2018-12-01,,,1.4452,1.2665,1250.0,57.36,987.0,45.2915
2019-01-01,,,,1.2902,1292.0,59.41,1001.4292,46.0487
2019-02-01,212694.0,0.4,,1.3016,1320.0,63.96,1014.156,49.1405
2019-03-01,,,1.2517,1.3167,1301.0,66.14,988.1095,50.2333
2019-04-01,,,,1.3029,1286.0,71.23,987.005,54.669
2019-05-01,215910.0,0.6,,1.2855,1284.0,71.32,998.8236,55.4798
2019-06-01,,,1.0807,1.2674,1359.0,64.22,1072.251,50.6696
2019-07-01,,,,1.2461,1413.0,63.92,1133.9325,51.2958
2019-08-01,216805.0,0.3,,1.216,1500.0,59.04,1233.6,48.5545
2019-09-01,,,0.6737,1.2369,1511.0,62.83,1221.6435,50.7981
2019-10-01,,,,1.2657,1495.0,59.71,1181.1995,47.1769
2019-11-01,215925.0,0.8,,1.2883,1471.0,63.21,1141.7902,49.0636
2019-12-01,,,0.7397,1.311,1479.0,67.31,1128.1812,51.3441
2020-01-01,,,,1.3075,1561.0,63.65,1193.8528,48.6795
2020-02-01,217911.0,2.5,,1.2953,1597.0,55.66,1232.884,42.9695
2020-03-01,,,0.605,1.2369,1592.0,32.01,1287.132,25.8801
2020-04-01,,,,1.2419,1683.0,18.38,1355.1516,14.7996
2020-05-01,220133.0,2.0,,1.2302,1716.0,29.38,1394.9364,23.883
2020-06-01,,,0.303,1.2523,1732.0,40.27,1383.002,32.1556
2020-07-01,,,,1.2702,1847.0,43.24,1454.1431,34.0429
2020-08-01,224337.0,3.5,,1.3142,1969.0,44.74,1498.2121,34.0427
2020-09-01,,,0.2501,1.2947,1922.0,40.91,1484.5528,31.5989
2020-10-01,,,,1.298,1900.0,40.19,1463.76,30.9624
2020-11-01,229819.0,6.4,,1.3198,1866.0,42.69,1413.8682,32.3462
2020-12-01,,,0.3368,1.3434,1858.0,49.99,1383.0952,37.2126
2021-01-01,,,,1.3641,1867.0,54.77,1368.6977,40.1519
2021-02-01,231644.0,6.3,,1.3868,1808.0,62.28,1303.7488,44.9101
2021-03-01,,,0.6228,1.3864,1718.0,65.41,1239.1934,47.1802
2021-04-01,,,,1.3845,1760.0,64.81,1271.248,46.8123
2021-05-01,242709.0,10.3,,1.4085,1850.0,68.53,1313.5,48.6563
2021-06-01,,,0.8697,1.4025,1835.0,73.16,1308.355,52.1631
2021-07-01,,,,1.3808,1808.0,75.17,1309.3536,54.4381
2021-08-01,247535.0,10.3,,1.3797,1785.0,70.75,1293.768,51.2796
2021-09-01,,,0.7158,1.3732,1775.0,74.49,1292.555,54.2436
2021-10-01,,,,1.3701,1777.0,83.54,1297.0323,60.9758
2021-11-01,253113.0,10.1,,1.3463,1822.0,81.05,1353.3816,60.2039
2021-12-01,,,0.9531,1.3303,1790.0,74.17,1345.543,55.7536
2022-01-01,,,,1.3556,1816.0,86.51,1339.6632,63.8184
2022-02-01,260771.0,12.6,,1.3539,1856.0,97.13,1370.8416,71.7402
2022-03-01,,,1.4196,1.3168,1948.0,117.25,1479.3112,89.0396
2022-04-01,,,,1.2933,1937.0,104.58,1497.6884,80.8613
2022-05-01,270452.0,11.4,,1.2438,1849.0,113.34,1486.596,91.1254
2022-06-01,,,2.043,1.232,1837.0,122.71,1491.0929,99.6037
2022-07-01,,,,1.1988,1733.0,111.93,1445.6686,93.372
2022-08-01,273135.0,10.3,,1.1983,1765.0,100.45,1472.8925,83.8255
2022-09-01,,,2.6528,1.132,1681.0,89.76,1484.9954,79.294
2022-10-01,,,,1.1331,1664.0,93.33,1468.48,82.3637
2022-11-01,265195.0,4.8,,1.1727,1725.0,91.42,1470.9075,77.9538
2022-12-01,,,3.6747,1.218,1798.0,80.92,1476.158,66.4353
2023-01-01,,,,1.2237,1898.0,82.5,1551.0456,67.419
2023-02-01,258115.0,-1.0,,1.2085,1855.0,82.59,1535.0125,68.3432
2023-03-01,,,3.544,1.2137,1913.0,78.43,1576.1207,64.6185
2023-04-01,,,,1.2446,2000.0,84.64,1607.0,68.0082
2023-05-01,261995.0,-3.1,,1.2484,1992.0,75.47,1595.592,60.4515
2023-06-01,,,4.0166,1.2626,1943.0,74.84,1538.856,59.2733
2023-07-01,,,,1.2893,1951.0,80.11,1513.1956,62.1333
2023-08-01,260181.0,-4.7,,1.2706,1919.0,86.15,1510.253,67.8
2023-09-01,,,4.4634,1.2381,1916.0,93.72,1547.5532,75.6976
2023-10-01,,,,1.2174,1916.0,90.6,1573.8024,74.4188
2023-11-01,259157.0,-2.3,,1.2436,1984.0,82.94,1595.3344,66.6921
2023-12-01,,,4.2523,1.2657,2026.0,77.63,1600.7426,61.3355
2024-01-01,,,,1.2702,2034.0,80.12,1601.3682,63.0785
2024-02-01,260791.0,1.0,,1.2629,2023.0,83.48,1601.8114,66.0995
2024-03-01,,,4.0277,1.2713,2158.0,85.41,1697.4828,67.1835
2024-04-01,,,,1.2517,2331.0,89.94,1862.2359,71.8531
2024-05-01,265012.0,1.2,,1.2636,2351.0,81.75,1860.5814,64.697
2024-06-01,,,4.2021,1.2716,2326.0,82.25,1829.1664,64.6814
2024-07-01,,,,1.287,2398.0,85.15,1863.246,66.1616
2024-08-01,266640.0,2.5,,1.2945,2470.0,80.36,1908.075,62.0781
2024-09-01,,,4.0005,1.3219,2571.0,74.02,1944.9615,55.9961
2024-10-01,,,,1.3043,2690.0,75.63,2062.423,57.9855
2024-11-01,268518.0,3.6,,1.2737,2651.0,74.35,2081.3001,58.3722
2024-12-01,,,4.344,1.2647,2648.0,73.86,2093.7736,58.4011
2025-01-01,,,,1.2353,2710.0,79.27,2193.745,64.1691
2025-02-01,270867.0,3.9,,1.2542,2895.0,75.44,2308.1835,60.1483
2025-03-01,,,4.6071,1.2913,2983.0,72.73,2310.0352,56.3221
2025-04-01,,,,1.3144,3218.0,68.13,2448.2544,51.8333
2025-05-01,272751.0,2.9,,1.3358,3309.0,64.45,2477.1174,48.2473
2025-06-01,,,4.5664,1.3578,3353.0,71.44,2469.4845,52.6156
2025-07-01,,,,1.349,3340.0,71.04,2475.942,52.662
2025-08-01,,,,1.3455,3368.0,67.87,2503.0976,50.441
2025-09-01,,,4.6386,1.3506,3668.0,67.99,2715.7872,50.3398
2025-10-01,,,,1.3356,4058.0,64.54,3038.2246,48.3211
2025-11-01,,,,1.3139,4087.0,63.8,3110.6157,48.5582
2025-12-01,,,4.5197,1.3387,4309.0,62.54,3218.823,46.7174
2026-01-01,,,,1.3535,4753.0,66.6,3511.5164,49.2041
2026-02-01,,,,1.358,5020.0,70.89,3696.728,52.2034
2026-03-01,,,,1.3339,4856.0,103.13,3640.5432,77.3166
2026-04-01,,,,1.3454,4721.0,117.29,3509.1193,87.1817
2026-05-01,,,,1.3497,4587.0,107.14,3398.5083,79.38
2026-06-01,,,,1.3339,4228.0,85.4,3169.7316,64.0244
2026-07-01,,,,1.3383,4073.0,83.76,3043.3456,62.5855
2026-08-01,,,,1.3546,4411.0,91.08,3256.2002,67.2353
2026-09-01,,,,1.3407,4319.0,,3221.5421,
