size_rank,name,sector,market_cap_bn,pct_of_index,cumulative_pct
1,Nvidia,Information Technology,5777.0,8.54,8.5
2,Apple Inc.,Information Technology,4869.0,7.2,15.7
3,Alphabet Inc.,Communication Services,4252.0,6.29,22.0
4,Microsoft,Information Technology,3930.0,5.81,27.8
5,Amazon,Consumer Discretionary,2764.0,4.09,31.9
6,Meta Platforms,Communication Services,1882.0,2.78,34.7
7,Broadcom,Information Technology,1794.0,2.65,37.4
8,"Tesla, Inc.",Consumer Discretionary,1504.0,2.22,39.6
9,Micron Technology,Information Technology,1181.0,1.75,41.3
10,Advanced Micro Devices,Information Technology,1060.0,1.57,42.9
11,Lilly (Eli),Health Care,1032.0,1.53,44.4
12,JPMorgan Chase,Financials,881.0,1.3,45.7
13,Walmart,Consumer Staples,850.0,1.26,47.0
14,Visa Inc.,Financials,696.0,1.03,48.0
15,ExxonMobil,Energy,676.0,1.0,49.0
