sector,rank_in_sector,name,dividend_yield_pct,pe_ratio
Communication Services,1,Verizon,6.17,11.9
Communication Services,2,Comcast,6.12,7.0
Communication Services,3,AT&T,4.58,8.0
Consumer Discretionary,1,Ford Motor Company,4.94,
Consumer Discretionary,2,"Nike, Inc.",4.83,16.5
Consumer Discretionary,3,Best Buy,4.39,14.5
Consumer Staples,1,General Mills,7.7,
Consumer Staples,2,Kraft Heinz,7.33,
Consumer Staples,3,Altria,6.54,14.3
Energy,1,Oneok,4.83,15.4
Energy,2,Kinder Morgan,3.76,20.2
Energy,3,Chevron Corporation,3.45,20.0
Financials,1,Fidelity National Information Services,5.24,5.1
Financials,2,T. Rowe Price,5.0,10.4
Financials,3,Prudential Financial,4.93,10.3
Health Care,1,Pfizer,6.28,36.2
Health Care,2,Bristol Myers Squibb,4.29,13.0
Health Care,3,Medtronic,3.27,21.4
Industrials,1,United Parcel Service,7.04,17.3
Industrials,2,Paychex,4.77,19.8
Industrials,3,Stanley Black & Decker,3.75,21.9
Information Technology,1,HP Inc.,3.81,12.0
Information Technology,2,Accenture,3.51,14.4
Information Technology,3,IBM,3.05,19.7
Materials,1,Amcor,6.22,17.6
Materials,2,Corteva,5.81,8.6
Materials,3,International Paper,5.77,
Real Estate,1,Vici Properties,8.17,8.8
Real Estate,2,Healthpeak Properties,6.48,54.3
Real Estate,3,Crown Castle,6.29,27.4
Utilities,1,Edison International,6.47,5.6
Utilities,2,Eversource Energy,4.87,16.9
Utilities,3,AES Corporation,4.72,5.6
